NC,Mecklenburg
NC,Cabarrus
NC,Gaston
NC,Union
NC,Iredell
NC,Rowan
NC,Lincoln
NC,Wake
NC,Johnston
NC,Durham
NC,Orange
NC,Chatham
NC,Person
NC,Guilford
NC,Randolph
NC,Rockingham
NC,Forsyth
NC,Stokes
NC,Davie
NC,Yadkin
NC,Cumberland
NC,Hoke
NC,New Hanover
NC,Brunswick
NC,Pender
SC,Greenville
SC,Anderson
SC,Pickens
SC,Richland
SC,Lexington
SC,Kershaw
SC,Calhoun
SC,Fairfield
SC,Saluda
SC,Charleston
SC,Berkeley
SC,Dorchester
SC,Spartanburg
AZ,Maricopa
AZ,Pinal
AZ,Pima
AZ,Yavapai
AZ,Coconino
MI,Wayne
MI,Oakland
MI,Macomb
MI,Livingston
MI,St. Clair
MI,Lapeer
MI,Kent
MI,Ottawa
MI,Barry
MI,Montcalm
MI,Ionia
MI,Washtenaw
MI,Ingham
MI,Clinton
MI,Eaton
OH,Franklin
OH,Delaware
OH,Licking
OH,Fairfield
OH,Pickaway
OH,Union
OH,Madison
OH,Cuyahoga
OH,Lake
OH,Lorain
OH,Medina
OH,Geauga
OH,Ashtabula
OH,Hamilton
OH,Butler
OH,Warren
OH,Clermont
OH,Montgomery
OH,Greene
OH,Miami
OH,Preble
OH,Lucas
OH,Wood
OH,Fulton
OH,Ottawa
IL,Cook
IL,DuPage
IL,Lake
IL,Will
IL,Kane
IL,McHenry
IL,Kendall
IL,Grundy
IL,Kankakee
IL,Peoria
IL,Tazewell
IL,Woodford
IL,Sangamon
IL,Menard
IL,Winnebago
IL,Boone
WI,Milwaukee
WI,Waukesha
WI,Ozaukee
WI,Washington
WI,Dane
WI,Columbia
WI,Green
WI,Iowa
WI,Outagamie
WI,Calumet
WI,Winnebago
WI,Brown
WI,Oconto
WI,Kewaunee
